GENDER,AGE,GLASSES
Male,24,Yes
VIDEO_TITLE,TIME,
Video2_Walking_LH_360p.mp4,22/11/2020 15:38:46,
Video2_Walking_LH_480p.mp4,22/11/2020 15:38:51,
Video2_Walking_LH_720p.mp4,22/11/2020 15:38:53,
Video2_Walking_LH_1080p.mp4,22/11/2020 15:38:55,
Video3_Walking_HL_360p.mp4,22/11/2020 15:40:00,
Video3_Walking_HL_480p.mp4,22/11/2020 15:40:07,
Video3_Walking_HL_720p.mp4,22/11/2020 15:40:13,
Video4_Walking_HH_360p.mp4,22/11/2020 15:41:10,
Video4_Walking_HH_480p.mp4,22/11/2020 15:41:12,
Video4_Walking_HH_720p.mp4,22/11/2020 15:41:13,
Video4_Walking_HH_1080p.mp4,22/11/2020 15:41:15,
Video1_Walking_LL_360p.mp4,22/11/2020 15:42:21,
Video1_Walking_LL_480p.mp4,22/11/2020 15:42:23,
Video1_Walking_LL_720p.mp4,22/11/2020 15:42:24,
Video1_Walking_LL_1080p.mp4,22/11/2020 15:42:27,
Video2_Running_LH_360p.mp4,22/11/2020 15:44:07,
Video2_Running_LH_480p.mp4,22/11/2020 15:44:14,
Video2_Running_LH_720p.mp4,22/11/2020 15:44:17,
Video2_Running_LH_1080p.mp4,22/11/2020 15:44:19,
Video3_Running_HL_360p.mp4,22/11/2020 15:45:20,
Video3_Running_HL_480p.mp4,22/11/2020 15:45:27,
Video4_Running_HH_360p.mp4,22/11/2020 15:46:35,
Video4_Running_HH_480p.mp4,22/11/2020 15:46:39,
Video4_Running_HH_720p.mp4,22/11/2020 15:47:23,
Video1_Running_LL_360p.mp4,22/11/2020 15:48:03,
Video1_Running_LL_480p.mp4,22/11/2020 15:48:07,
Video1_Running_LL_720p.mp4,22/11/2020 15:48:09,
Video2_Sitting_LH_360p.mp4,22/11/2020 15:49:30,
Video2_Sitting_LH_480p.mp4,22/11/2020 15:49:32,
Video2_Sitting_LH_720p.mp4,22/11/2020 15:49:33,
Video2_Sitting_LH_1080p.mp4,22/11/2020 15:49:35,
Video3_Sitting_HL_360p.mp4,22/11/2020 15:50:40,
Video3_Sitting_HL_480p.mp4,22/11/2020 15:50:42,
Video3_Sitting_HL_720p.mp4,22/11/2020 15:50:43,
Video4_Sitting_HH_360p.mp4,22/11/2020 15:51:48,
Video4_Sitting_HH_480p.mp4,22/11/2020 15:51:50,
Video4_Sitting_HH_720p.mp4,22/11/2020 15:51:51,
Video4_Sitting_HH_1080p.mp4,22/11/2020 15:51:57,
Video1_Sitting_LL_360p.mp4,22/11/2020 15:52:59,
Video1_Sitting_LL_480p.mp4,22/11/2020 15:53:01,
Video1_Sitting_LL_720p.mp4,22/11/2020 15:53:03,
Video1_Sitting_LL_1080p.mp4,22/11/2020 15:53:07,